ade,lltcode,pt_code,soc_code
allergies,10013661,10013700,10021428
HURT YOUR Liver,10024668,10067125,10019805
AD,10003731,10083622,10037175
focus,10003738,10013496,10029205
died,10011906,10011906,10018065
died,10011906,10011906,10018065
tendon damage,10043242,10043242,10022117
dreams,10004969,10000125,10037175
tendon rupture,10043248,10043248,10022117
withdrawal,10048010,10048010,10018065
emotional mess,10049119,10049119,10037175
not remember,10027176,10001949,10029205
memory lapse,10027174,10027175,10029205
nap,10041349,10041349,10029205
psychedelic,10070679,10016322,10018065
mashed,10070679,10016322,10018065
space cadet,10041374,10016322,10018065
illness worse,10021345,10025482,10018065
can't eat,10003030,10061428,10027433
allergic,10013661,10013700,10021428
withdrawals,10048010,10048010,10018065
hungry,10016336,10020466,10018065
joint pain,10023222,10003239,10028395
fistula,10016717,10016717,10028395
painful reactions,10033371,10033371,10018065
fatigue,10016256,10016256,10018065
achy,10000424,10033371,10018065
fatigue,10016256,10016256,10018065
achy,10000424,10033371,10018065
no immune,10021425,10021425,10021428
nerve damage,10029177,10052897,10022117
MS like,10028055,10028245,10029205
pain,10033371,10033371,10018065
weakness,10047862,10003549,10018065
seizure,10039906,10039906,10029205
rashes,10062948,10013687,10040785
hair is... definitely falling out,10019045,10001760,10040785
sick,10016365,10025482,10018065
depressed,10012374,10012374,10037175
addictive,10012336,10013663,10037175
days of hell,10016370,10025482,10018065
allergic,10013661,10013700,10021428
can't think,10043436,10027374,10029205
see) straight,10047508,10047571,10015919
starvation,10003030,10061428,10027433
increases hunger,10020466,10020466,10018065
dreams,10004969,10000125,10037175
fat,10047896,10047899,10022891
hand shake,10040530,10044565,10029205
stopped working,10043087,10043087,10018065
Getting out of bed is haaard,10012378,10012378,10037175
creativity was blocked,10027374,10027374,10029205
w/d,10048010,10048010,10018065
drowsy,10013649,10041349,10029205
haze,10017565,10016322,10018065
brain zaps,10033775,10033775,10029205
genitals aren't numb,10059272,10024419,10037175
detox,10061814,10061814,10042613
facial spasms,10063006,10063006,10029205
eye,10041384,10005159,10015919
awake,10041014,10041349,10029205
out of it,10041374,10016322,10018065
doping up,10070679,10016322,10018065
-9.5lbs,10047900,10047895,10022891
horrid intrusive thoughts,10077275,10077275,10037175
allergic,10013661,10013700,10021428
sleep,10041014,10041349,10029205
hallucinating,10019062,10019063,10037175
dry mouth,10013781,10013781,10017947
"20 hours a day, asleep",10041349,10041349,10029205
prolactin levels,10036826,10005780,10022891
boobs humungous,10014843,10006242,10038604
knee still painful,10023477,10003239,10028395
Back ache,10003978,10003988,10028395
Lower back ache,10024890,10003988,10028395
neck ache,10028836,10028836,10028395
hips,10033432,10003239,10028395
knees ache,10023477,10003239,10028395
short of breath,10040604,10013968,10038738
backache,10003978,10003988,10028395
muscle &amp; back pains,10028322,10028411,10028395
back pains,10003988,10003988,10028395
not remembering,10017060,10027175,10029205
drowsiness,10013649,10041349,10029205
sleep on my own. but i got at least 16 hours,10041014,10041349,10029205
sugar crashes,10005808,10005555,10022891
feel ill,10021345,10025482,10018065
won't wake up,10019158,10041349,10029205
not remember,10017060,10027175,10029205
feels like I have raw nerve endings,10021681,10020568,10029205
sleep for 12 straight hours,10041000,10020765,10029205
urge to procure food,10021654,10021654,10027433
dependence,10013663,10013663,10037175
asleep,10041349,10041349,10029205
knocked me the fuck out,10041349,10041349,10029205
high,10016333,10015535,10037175
drunk,10013767,10016330,10018065
tolerance,10052804,10052804,10018065
sleep schedule,10004095,10013654,10037175
felt like I.had a frontal lobotomy,10027374,10027374,10029205
sick,10016365,10025482,10018065
couldnt move,10028045,10021021,10029205
migraine,10027599,10027599,10029205
puke,10047700,10047700,10017947
shakes,10040528,10044565,10029205
nightmares,10029412,10029412,10037175
insomnia,10022437,10022437,10037175
tired,10043890,10016256,10018065
no freaking motivation,10023614,10002942,10037175
energy,10016356,10003549,10018065
sleep,10041349,10041349,10029205
tired,10043890,10016256,10018065
dizzy,10013573,10013573,10029205
drowsy,10013649,10041349,10029205
don't sleep well,10062519,10062519,10037175
Feel crap every morning,10016370,10025482,10018065
restless night,10041007,10062519,10037175
carb cravings,10007216,10056465,10027433
Dreamt,10004969,10000125,10037175
dreams,10004969,10000125,10037175
withdrawal,10048010,10048010,10018065
dreamt colours,10047666,10000125,10037175
lost my fucking mind,10037234,10061920,10037175
falling asleep,10041349,10041349,10029205
sickest,10016365,10025482,10018065
ZOMBIES,10016384,10016322,10018065
eat because I just forget,10003030,10061428,10027433
hyper,10020554,10037211,10029205
Can't. Stop. Moving,10020554,10037211,10029205
felt drugged,10070679,10016322,10018065
lose focus,10003738,10013496,10029205
come down,10073281,10048010,10018065
feel like crying but can't,10011469,10011469,10018065
zombie,10016384,10016322,10018065
Lethargic,10024262,10024264,10029205
hot &amp; cold,10016335,10061458,10018065
hungry,10020466,10020466,10018065
want to eat my own arm,10020466,10020466,10018065
parody of an actual human being,10012359,10077805,10037175
try for sleep,10041017,10022437,10037175
light bastard,10062519,10062519,10037175
wiping me out,10015667,10016256,10018065
can't function,10041349,10041349,10029205
feel like I am in a straight jacket,10028339,10052904,10028395
muscles feel stiff,10028339,10052904,10028395
light' sleep,10062519,10062519,10037175
Feel low,10024919,10012374,10037175
Subdued,10024919,10012374,10037175
Sad,10016364,10012374,10037175
sleep problems,10041006,10037841,10037175
tired daytimes,10011865,10041349,10029205
Over-eaten,10015598,10020710,10027433
interaction,10013710,10013710,10018065
dizzy,10013573,10013573,10029205
sleepy,10041014,10041349,10029205
comatose,10041349,10041349,10029205
manic,10026749,10026749,10037175
dreams,10004969,10000125,10037175
Tearful,10043169,10043169,10037175
poor nights sleep,10062519,10062519,10037175
withdrawing,10048010,10048010,10018065
Joints killing me,10023222,10003239,10028395
Knackered,10016370,10025482,10018065
addicted,10001125,10012335,10037175
coming off,10013754,10013754,10018065
nausea,10028813,10028813,10017947
sickness,10016365,10025482,10018065
hot and cold,10016335,10061458,10018065
shivers,10040558,10008531,10018065
twitching,10045198,10028347,10028395
headache,10019211,10019211,10029205
withdrawal,10023222,10003239,10028395
zombie,10016384,10016322,10018065
addictive,10012336,10013663,10037175
discontinuation syndrome,10013754,10013754,10018065
high,10016333,10015535,10037175
feel like a pile of shit,10016370,10025482,10018065
sick,10016365,10025482,10018065
cold,10009851,10028810,10021881
stomach reacting,10042113,10017815,10017947
Slept,10041349,10041349,10029205
breastmilk production,10023666,10017600,10038604
hallucinations,10019063,10019063,10037175
allergic reaction,10001718,10020751,10021428
rash,10037844,10037844,10040785
burp,10006804,10015137,10017947
want to ralph,10028813,10028813,10017947
Groggy,10018730,10041349,10029205
withdrawing,10048010,10048010,10018065
knocks me right out,10041349,10041349,10029205
won't let me wake up,10019158,10041349,10029205
muscle tremors,10044573,10044565,10029205
combination,10013710,10013710,10018065
withdrawals,10048010,10048010,10018065
withdraws,10048010,10048010,10018065
sick,10016365,10025482,10018065
delirious,10012217,10012218,10037175
messed up,10016370,10025482,10018065
delirious,10012217,10012218,10037175
back pain,10003988,10003988,10028395
sad,10016364,10012374,10037175
crying for no reason,10011469,10011469,10018065
crying,10011469,10011469,10018065
allergic,10001718,10020751,10021428
nausea,10028813,10028813,10017947
hypotension,10020772,10020772,10047065
biffiness,10027374,10027374,10029205
sleep for fifteen hours,10041349,10041349,10029205
addictive,10001125,10012335,10037175
hands shake,10040530,10044565,10029205
brain zaps,10014358,10014358,10029205
parasthesia,10033987,10033775,10029205
parasthesia,10033775,10033775,10029205
cognitive problems,10009846,10057668,10029205
kidney stones,10023437,10029148,10038359
migraine,10027599,10027599,10029205
going though hell,10048010,10048010,10018065
put on weight,10047896,10047899,10022891
extra 20kg,10047896,10047899,10022891
Coming off venlafaxine,10013754,10013754,10018065
nasty,10016370,10025482,10018065
symptom free,10016370,10025482,10018065
wake up at 2:30,10040999,10040984,10037175
half your day sleeping,10041349,10041349,10029205
eyes are outta focus,10012792,10047513,10015919
can't walk straight,10047810,10017577,10018065
ruined my creativity,10027374,10027374,10029205
memory now is awful,10027175,10027175,10029205
memory,10027175,10027175,10029205
revved up,10020554,10037211,10029205
stupid head,10010300,10010305,10037175
bloated,10005264,10000060,10017947
heart was beating wicked fast,10019303,10019303,10022891
tired,10043890,10016256,10018065
holes in my head,10050462,10016322,10018065
crippled,10049278,10017581,10018065
can't walk,10049278,10017581,10018065
not sleeping,10041017,10022437,10037175
hypo manic mixed episode,10021030,10021030,10037175
falling asleep,10041014,10041349,10029205
brain's always scattered,10067192,10064805,10037175
Achille's,10048602,10074599,10028395
shitty feeling when you wake up,10016370,10025482,10018065
pain,10033371,10033371,10018065
tendonitis,10043255,10043255,10028395
headaches,10019211,10019211,10029205
cognitive issues,10009846,10057668,10029205
pain,10033371,10033371,10018065
Struggled to get out of the bath,10047862,10003549,10018065
hobbling,10047810,10017577,10018065
ruptures,10043248,10043248,10022117
itchy scalp,10023093,10037087,10040785
hairloss,10019045,10001760,10040785
tired,10043890,10016256,10018065
half-asleep,10043890,10016256,10018065
takes it out,10041349,10041349,10029205
sleeping,10041349,10041349,10029205
addicted,10056478,10057852,10037175
withdrawal,10048010,10048010,10018065
poison,10067843,10068887,10022117
kills your taste buds,10043134,10001480,10029205
poison,10067843,10068887,10022117
headache,10019211,10019211,10029205
nicotine beast has me firmly gripped,10056484,10057852,10037175
firmly gripped in it's gnarled yellow claw,10056484,10057852,10037175
shivering,10040558,10008531,10018065
high,10016333,10015535,10037175
sadvil,10016364,10012374,10037175
addict,10056478,10057852,10037175
cold sweat,10009866,10009866,10040785
insomnia,10022437,10022437,10037175
numb,10071175,10014557,10037175
lifeless,10016340,10016322,10018065
THROWING,10062375,10001488,10037175
trying to function normally,10027372,10027374,10029205
can't take both,10013710,10013710,10018065
withdrawl,10048010,10048010,10018065
Toxicity,10013746,10070863,10022117
chronic pain,10049475,10033371,10018065
legs ache,10024130,10033425,10028395
suicidally depressed,10042457,10012397,10037175
voice,10003785,10019070,10037175
worthlessness,10016374,10016374,10037175
shaking like ur cold,10040558,10008531,10018065
shivering,10040558,10008531,10018065
munchies,10056465,10056465,10027433
eatin weird,10056465,10056465,10027433
tearin up food,10004716,10004716,10037175
worse,10012398,10012378,10037175
tongue is numb,10029852,10057371,10017947
damage ALL tendons,10043242,10043242,10022117
walk,10049278,10017581,10018065
been in bed,10048948,10048948,10041244
crippled,10049278,10017581,10018065
disability,10013050,10013050,10041244
stupid,10027372,10027374,10029205
clumsy,10009696,10009696,10029205
feeling awful,10016370,10025482,10018065
withdrawal,10048010,10048010,10018065
brain is a sack of NOPE,10010300,10010305,10037175
depression,10012378,10012378,10037175
ocd,10029898,10029898,10037175
insomnia,10022437,10022437,10037175
tired,10043890,10016256,10018065
sleep so much,10041349,10041349,10029205
depression,10012398,10012378,10037175
eating all day,10015598,10020710,10027433
feel weird,10047904,10016322,10018065
depressed,10012378,10012378,10037175
feeling so shitty,10016370,10025482,10018065
headaches,10019211,10019211,10029205
put a gun in your hand,10042458,10042458,10037175
drowsy,10013649,10041349,10029205
Feels dreadful,10016370,10025482,10018065
lung pain,10074693,10074693,10038738
rid myself of it,10013663,10013663,10037175
no sleep,10041017,10022437,10037175
allergic,10001718,10020751,10021428
sick,10016365,10025482,10018065
nauseas,10028813,10028813,10017947
chunder,10047700,10047700,10017947
tummy trouble,10045148,10000081,10017947
withdrawal,10048010,10048010,10018065
perspective time and people,10074073,10074073,10037175
losing every breath,10040604,10013968,10038738
heart beat out my chest,10019297,10033557,10007541
up till 4,10022437,10022437,10037175
zombie,10016384,10016322,10018065
tired,10043890,10016256,10018065
schizophrenia,10039626,10039626,10037175
hear answers,10019364,10039626,10037175
thick fog,10016876,10088940,10029205
TooChill,10014560,10014557,10037175
Zombie,10016384,10016322,10018065
weakness,10047862,10003549,10018065
muscle pain,10028322,10028411,10028395
Weirdo dreams,10004969,10000125,10037175
drowsy,10013649,10041349,10029205
hearing the words,10003785,10019070,10037175
suicidal,10042458,10042458,10037175
numb,10071175,10014557,10037175
headaches,10019211,10019211,10029205
got me up,10022437,10022437,10037175
only slept about 2 hours,10041017,10022437,10037175
withdrawal,10048010,10048010,10018065
anxiety,10002855,10002855,10037175
hypochondria,10020965,10078077,10037175
low,10024919,10012374,10037175
weight gain,10047896,10047899,10022891
withdrawal,10048010,10048010,10018065
lost vision,10047522,10005169,10015919
brain zap,10014358,10014358,10029205
nauseous,10028823,10028813,10017947
gainin weight,10047896,10047899,10022891
fat,10047896,10047899,10022891
can't cum,10021574,10002652,10037175
headache,10019211,10019211,10029205
exacerbates,10007636,10007636,10007541
WON'T YOU LET ME EAT,10003030,10061428,10027433
toxic,10013746,10070863,10022117
equivalent to torture,10016370,10025482,10018065
oww,10033371,10033371,10018065
rashes,10037844,10037844,10040785
Skin sensitivity,10021681,10020568,10029205
wonky,10016366,10016322,10018065
makes me nocturnal,10041017,10022437,10037175
nocturnal,10041017,10022437,10037175
headache,10019211,10019211,10029205
balm,10019045,10001760,10040785
hairloss,10019045,10001760,10040785
sleeping schedule of a vampire,10041017,10022437,10037175
Vitamin D malsorption,10047626,10047626,10027433
calcium problems,10006956,10006956,10027433
depressed,10012378,10012378,10037175
wait gain,10047896,10047899,10022891
weight,10047896,10047899,10022891
destroyed my liver,10024668,10067125,10019805
allergic reaction,10001718,10020751,10021428
almost killed me,10068111,10068111,10037175
mixed episodes,10065032,10004939,10037175
instability,10022454,10054196,10037175
high,10016333,10015535,10037175
WITHDRAWALS,10048010,10048010,10018065
blew out my arms,10079024,10061225,10022117
heels,10033431,10033425,10028395
hurt,10033371,10033371,10018065
pain,10033371,10033371,10018065
vomit,10047700,10047700,10017947
migraines,10027599,10027599,10029205
Bizarre thoughts,10021402,10021402,10037175
irritated,10016337,10022998,10037175
can't think as fast,10041049,10050012,10037175
zombie,10016384,10016322,10018065
flu Iike symptoms,10016791,10022004,10018065
aches and pains,10000424,10033371,10018065
shivers,10040559,10008531,10018065
sweats,10042661,10020642,10040785
rage,10037804,10002368,10037175
Aches,10000424,10033371,10018065
back pain,10003988,10003988,10028395
Swollen lower legs,10042700,10048959,10018065
fluid retention,10016807,10016807,10027433
comedown is hell,10013754,10013754,10018065
zap noises,10014358,10014358,10029205
inability to cry,10071175,10014557,10037175
dry eyed,10071175,10014557,10037175
over think,10067192,10064805,10037175
angry,10002368,10002368,10037175
tired,10043890,10016256,10018065
naptime,10041014,10041349,10029205
blew out my arms,10079024,10061225,10022117
heels,10033431,10033425,10028395
hurt,10033371,10033371,10018065
pain,10033371,10033371,10018065
wired,10041017,10022437,10037175
Not sleeping,10041017,10022437,10037175
tendons in lots of pain,10066371,10066371,10028395
hands barely usable,10079009,10078608,10077536
brain shivers,10014358,10014358,10029205
withdrawal,10048010,10048010,10018065
barely function,10027372,10027374,10029205
Restless arms,10028006,10001540,10029205
restless arms &amp; legs,10038742,10058920,10029205
sleeping,10041349,10041349,10029205
gain weight,10047896,10047899,10022891
zombie,10016384,10016322,10018065
ab pain,10000081,10000081,10017947
cramps,10011293,10028334,10028395
nausea,10028813,10028813,10017947
vomitting,10047700,10047700,10017947
skin,10040831,10040831,10040785
joint problems,10023211,10003285,10028395
ulcers in mouth,10045319,10028034,10017947
fatique,10016256,10016256,10018065
reacted badly,10016370,10025482,10018065
ill,10021345,10025482,10018065
OCD,10029898,10029898,10037175
pee way too much,10046600,10036018,10038359
dehydrate,10012174,10012174,10027433
rant,10002368,10002368,10037175
withdrawl,10048010,10048010,10018065
addiction,10001125,10012335,10037175
dependance,10013663,10013663,10037175
headache,10019211,10019211,10029205
depressed,10012378,10012378,10037175
felt like sumo wrestler,10005264,10000060,10017947
urge to vomit,10047700,10047700,10017947
feel disgusting,10028822,10028813,10017947
cleaned my entire kitchen,10010219,10010219,10037175
3am,10022437,10022437,10037175
migraines,10027599,10027599,10029205
tired,10043890,10016256,10018065
high,10016333,10015535,10037175
pancreatitis,10033645,10033645,10017947
digestive problems,10018028,10000059,10017947
addicted,10001125,10012335,10037175
headache,10019211,10019211,10029205
shoulder,10040617,10003239,10028395
neck ache,10028831,10053156,10028395
ache,10000424,10033371,10018065
lower back pain,10024891,10003988,10028395
weak knees,10047862,10003549,10018065
limping,10058726,10017577,10018065
tourettes,10044126,10044126,10010331
Twitchy,10045198,10028347,10028395
addiction,10001125,10012335,10037175
addiction,10001125,10012335,10037175
hungry,10020466,10020466,10018065
tear my own face off &amp; eat it,10020467,10060961,10027433
cry,10011469,10011469,10018065
whacks me out,10041349,10041349,10029205
asleep,10041349,10041349,10029205
TMJ,10043900,10043220,10028395
headaches,10019211,10019211,10029205
aches,10000424,10033371,10018065
lower back ache,10024890,10003988,10028395
weak knees,10047862,10003549,10018065
sick,10016365,10025482,10018065
allergic,10001718,10020751,10021428
sick,10016365,10025482,10018065
hating the world,10002368,10002368,10037175
steal your soul,10016340,10016322,10018065
bloated,10005264,10000060,10017947
zombie,10016384,10016322,10018065
not working as well,10043087,10043087,10018065
sleepy,10041014,10041349,10029205
like taking rat poison,10016370,10025482,10018065
worsening pain,10033499,10033371,10018065
hypomania,10021030,10021030,10037175
sleep paralysis,10041002,10041002,10029205
muscle spasms,10028333,10028334,10028395
muscle spasms,10028334,10028334,10028395
tired,10043890,10016256,10018065
blood pressure dropped,10005744,10005734,10022891
couldn't walk,10049278,10017581,10018065
sex drive,10024870,10024870,10037175
libido,10024870,10024870,10037175
withdrawal,10013754,10013754,10018065
screaming,10039740,10039740,10018065
crying,10011469,10011469,10018065
arms stil hurt,10033421,10033425,10028395
tendons is like a razor to rope,10043242,10043242,10022117
weaker,10047862,10003549,10018065
won't heal,-,,
tired,10043890,10016256,10018065
lower back pain,10024891,10003988,10028395
crippled,10049278,10017581,10018065
neuro problems,10029298,10029202,10029205
ataxia,10003591,10003591,10029205
felt nothing,10071175,10014557,10037175
coming off klonopin and paxil was hell,10013754,10013754,10018065
dream,10004969,10000125,10037175
groggy in the morning,10018732,10041349,10029205
painful,10033371,10033371,10018065
burns,10022053,10022086,10018065
hurts,10022086,10022086,10018065
zombified,10016384,10016322,10018065
flat,10016759,10016759,10037175
weight gain,10047896,10047899,10022891
messed up dreams,10004969,10000125,10037175
racing heart,10019303,10019303,10022891
palpitations,10033557,10033557,10007541
not sleeping,10041017,10022437,10037175
messed me up,10016370,10025482,10018065
aches,10000424,10033371,10018065
pains,10033371,10033371,10018065
withdrawal,10048010,10048010,10018065
feel kinda terrible,10016370,10025482,10018065
gained 40lbs,10047896,10047899,10022891
inside i was still screaming,10014554,10054196,10037175
"metabolic"""" syndrome",10052066,10052066,10027433
knocks me out,10041349,10041349,10029205
muscle spasms,10028333,10028334,10028395
fluid retention,10016807,10016807,10027433
mobile,10021417,10021417,10041244
Rash,10037844,10037844,10040785
Glaucoma,10018304,10018304,10015919
shot my daughter,10064160,10034983,10041244
lo0o0py,10017565,10016322,10018065
thirty minutes to type,10010300,10010305,10037175
waking up without knowing I feel asleep,10041349,10041349,10029205
pains,10033371,10033371,10018065
fluid retention,10016807,10016807,10027433
sleep for days,10041349,10041349,10029205
sleep for days,10041000,10020765,10029205
addictive,10001125,10012335,10037175
sedating,10039897,10039897,10029205
physically,10015667,10016256,10018065
mentally drained,10076757,10076757,10037175
"neck, back, hip, and leg aches",10028836,10028836,10028395
"back, hip, and leg aches",10003978,10003988,10028395
"hip, and leg aches",10033432,10003239,10028395
leg aches,10024130,10033425,10028395
headaches,10019211,10019211,10029205
common for apartments to be haunted,10022989,10043431,10037175
antipsychotics,10037234,10061920,10037175
withdrawal,10048010,10048010,10018065
Pains,10033371,10033371,10018065
Feels like one of those 5-cup #coffee days,10015595,10041349,10029205
stay in shape,10051602,10051602,10037175
ill,10021345,10025482,10018065
lucidity,10079069,10000125,10037175
dreams became vivider,10047666,10000125,10037175
Bombed,10070679,10016322,10018065
sleep all the time,10041349,10041349,10029205
after sting,10058683,10022086,10018065
look at my Farrah Fawcett poster,10024870,10024870,10037175
withdrawal,10048010,10048010,10018065
sick,10016365,10025482,10018065
egg burps,10063053,10015137,10017947
increase my weight,10047896,10047899,10022891
rage breaking things,10037804,10002368,10037175
sick,10016365,10025482,10018065
nauaea,10028813,10028813,10017947
kicking my ass,10016370,10025482,10018065
can't even get whipped cream out of the can,10047862,10003549,10018065
arms just keep getting worse.,10033421,10033425,10028395
withdrawal,10048010,10048010,10018065
DIZZING,10013580,10013573,10029205
feel so Ick,10016370,10025482,10018065
doing things difficult,10027348,10013496,10029205
fall asleep,10041349,10041349,10029205
shooting pains down arms,10050007,10033371,10018065
shooting pains down arms &amp; legs,10050007,10033371,10018065
body ache,10000424,10033371,10018065
lightweight,10001598,10001598,10027433
tired,10043890,10016256,10018065
in a fog,10016876,10088940,10029205
"dont get it, sex",10024870,10024870,10037175
slept 13-14 hrs,10041349,10041349,10029205
feel wasted,10016330,10016330,10018065
intense dreams,10047666,10000125,10037175
"you can check in, but you can never leave",10013663,10013663,10037175
withdrawal,10048010,10048010,10018065
emotional,10014554,10054196,10037175
crawl in a hole,10012378,10012378,10037175
dark night of the soul,10012374,10012374,10037175
gastro pain,10017999,10017999,10017947
crying,10011469,10011469,10018065
withdrawal,10048010,10048010,10018065
just woke up,10041349,10041349,10029205
weight I put on,10047896,10047899,10022891
carb cravings,10007216,10056465,10027433
shouldn't wake up,10041349,10041349,10029205
tremors,10044565,10044565,10029205
withdrawals,10048010,10048010,10018065
sick,10016365,10025482,10018065
withdraws,10048010,10048010,10018065
sicksicksick,10016365,10025482,10018065
aches,10000424,10033371,10018065
pains,10033371,10033371,10018065
Trying to get up,10019158,10041349,10029205
JCV,10023163,10023163,10021881
JCV,10023164,10023164,10037175
hip joints just started hurting,10033432,10003239,10028395
sick,10016365,10025482,10018065
seizures,10039906,10039906,10029205
seizures,10039910,10039906,10029205
bowels,10054248,10000059,10017947
withdrawal,10048010,10048010,10018065
Broken sleep,10040999,10040984,10037175
dehydrates,10012174,10012174,10027433
depressed,10012374,10012374,10037175
depressed,10012378,10012378,10037175
angry,10002368,10002368,10037175
Respiratory issues,10038683,10038683,10038738
lung issues,10025082,10025082,10038738
"smelled"""" a pungent solvent odor",10042165,10034018,10029205
smell,10042165,10034018,10029205
Chemo,10061758,10061758,10042613
destroyed my lungs,10025082,10025082,10038738
headache,10019211,10019211,10029205
nausea,10028813,10028813,10017947
t cell went up,10049183,10047943,10022891
hair falling out,10019045,10001760,10040785
eyesight,10047516,10047571,10015919
"awesome vision, to wearing glasses",10047516,10047571,10015919
insomnia,10022437,10022437,10037175
cravings,10056465,10056465,10027433
alcoholism,10001639,10001639,10037175
cravings,10056465,10056465,10027433
sleepy,10041014,10041349,10029205
tremors in hands,10044577,10044565,10029205
tremors in hands and legs,10044565,10044565,10029205
Body would rock,10044565,10044565,10029205
Restlessness,10038743,10038743,10037175
Desperation,10016344,10016344,10037175
feet are always going,10038744,10038743,10037175
twirls her hair constantly,10010219,10010219,10037175
restlessness,10038743,10038743,10037175
did make my legs go,10038742,10058920,10029205
Tremors,10044565,10044565,10029205
tension in my nerves,10043272,10043268,10037175
shaking,10040528,10044565,10029205
sick,10016365,10025482,10018065
Nightmare,10029414,10029412,10037175
awake,10022437,10022437,10037175
eh whatever,10002942,10002942,10037175
wailed,10011469,10011469,10018065
sobbing,10011469,10011469,10018065
DISCONTINUATION SYNDROME,10048010,10048010,10018065
insomniac,10022437,10022437,10037175
night visions,10017375,10029412,10037175
sleep past 24hrs,10041349,10041349,10029205
tummy pains,10045149,10045168,10029104
exhausted,10015667,10016256,10018065
reduces libido,10024870,10024870,10037175
lethargy,10024262,10024264,10029205
gain weight,10047896,10047899,10022891
paranoia,10033864,10033864,10037175
leg is itching,10023091,10037087,10040785
zombie,10016384,10016322,10018065
hating the world,10023000,10022998,10037175
drunk,10016330,10016330,10018065
staggering,10041902,10017577,10018065
blurry-eyed,10005889,10047513,10015919
amnesic,10027175,10027175,10029205
drowsiness,10013649,10041349,10029205
sleepiness,10041014,10041349,10029205
GI effects,10018028,10000059,10017947
Crippled,10049278,10017581,10018065
Tendon rupture,10043248,10043248,10022117
crippled,10049278,10017581,10018065
sick,10016365,10025482,10018065
Withdrawal,10048010,10048010,10018065
HUNGRY,10020466,10020466,10018065
Prop my eyelids open,10041349,10041349,10029205
connective tissue,10061087,10061087,10028395
lungs,10025082,10025082,10038738
thyroid,10043709,10043709,10014698
drowsy,10013649,10041349,10029205
high,10016333,10015535,10037175
high,10016333,10015535,10037175
feel like throwing up,10028813,10028813,10017947
burns,10006774,10015946,10015919
weird &amp; bizarre dreams,10004969,10000125,10037175
anaphylactic shock,10002199,10002199,10021428
almost died,10068111,10068111,10037175
nose feel like its bleeding,10005124,10015090,10038738
weak,10047862,10003549,10018065
crippled,10022876,10013050,10041244
numb to feel,10071175,10014557,10037175
withdrawal,10073281,10048010,10018065
sleepy,10041018,10041349,10029205
vertigo,10047340,10047340,10013993
with drawls,10073281,10048010,10018065
dizziness,10013573,10013573,10029205
wdrawal,10073281,10048010,10018065
mood,10079614,10001443,10037175
migraines,10027599,10027599,10029205
nightmares,10029414,10029412,10037175
withdrawals,10073281,10048010,10018065
withdrawl,10073281,10048010,10018065
Vomits,10047700,10047700,10017947
Crying,10011469,10011469,10018065
withdrawls,10073281,10048010,10018065
coming off effexor is NOT fun,10048010,10048010,10018065
headaches,10019211,10019211,10029205
no appetite,10003028,10061428,10027433
coming off Effexor was the worst,10048010,10048010,10018065
irritability,10023000,10022998,10037175
rebound,10038001,10038001,10018065
eyes worse,10047516,10047571,10015919
weight,10047896,10047899,10022891
nap,10011865,10041349,10029205
zap me of all energy,10024862,10003549,10018065
not feeling good,10016370,10025482,10018065
see shapes,10047545,10047571,10015919
feel like I can't even stand,10050218,10050256,10029205
zombified,10016384,10016322,10018065
paraesthesia,10033775,10033775,10029205
14 hour nap,10011865,10041349,10029205
Restless Leg Syndrome,10038741,10058920,10029205
messed up my attitude,10003743,10034719,10037175
mean,10045549,10034721,10037175
tired,10043890,10016256,10018065
fatigue,10016256,10016256,10018065
pale,10033532,10033546,10047065
lost tons of weight,10047900,10047895,10022891
fuzziness,10017565,10016322,10018065
flare,10060732,10039073,10028395
PAIN,10033371,10033371,10018065
like I'm having a heart attack,10019300,10019300,10022891
panic attack,10033664,10033664,10037175
almost died,10068111,10068111,10037175
Tired,10043890,10016256,10018065
wreck my head,10027374,10027374,10029205
wt loss,10047900,10047895,10022891
irritating my nerve endings,10029181,10029223,10029205
yucky,10016370,10025482,10018065
lethargy,10024262,10024264,10029205
ataxia,10003591,10003591,10029205
steven johnson syndrome,10042030,10042033,10040785
addictive,10012336,10013663,10037175
3 days of hell,10016370,10025482,10018065
Allergic reaction,10001718,10020751,10021428
poisoned,10035805,10070863,10022117
pain,10033371,10033371,10018065
hallucinate,10019063,10019063,10037175
stomach cramps,10049901,10000087,10017947
numb,10049338,10057371,10017947
cold,10016326,10016326,10018065
addiction,10001125,10012335,10037175
sweatin,10042661,10020642,10040785
depression.,10012378,10012378,10037175
addicted,10001125,10012335,10037175
withdrawal,10073281,10048010,10018065
addiction,10001125,10012335,10037175
withdrawal,10073281,10048010,10018065
nightmare,10029412,10029412,10037175
pain,10033371,10033371,10018065
sick to my stomach,10028823,10028813,10017947
like wading through treacle getting up,10018732,10041349,10029205
hunger inducing,10020466,10020466,10018065
zombies,10016384,10016322,10018065
knocks me out,10041014,10041349,10029205
dry mouth,10013781,10013781,10017947
gain weight,10047896,10047899,10022891
binge,10004716,10004716,10037175
joint pain,10023222,10003239,10028395
weight gain,10047896,10047899,10022891
olanzapine lbs,10047896,10047899,10022891
gained 3stone,10047896,10047899,10022891
gain 20 lbs,10047896,10047899,10022891
acne,10000496,10000496,10040785
headache,10019211,10019211,10029205
withdrawls,10073281,10048010,10018065
withdrawal,10073281,10048010,10018065
impossible to cry,10071175,10014557,10037175
slow,10041049,10050012,10037175
tolerance,10043087,10043087,10018065
come too fast,10036596,10036596,10037175
PEE SO OFTEN,10046600,10036018,10038359
feel like crap,10016370,10025482,10018065
forgetting,10017060,10027175,10029205
impotency,10021550,10061461,10038604
withdrawal,10073281,10048010,10018065
withdrawal,10073281,10048010,10018065
don't feel fully human,10071175,10014557,10037175
sleep,10004095,10013654,10037175
gain weight,10047896,10047899,10022891
no appetite,10003028,10061428,10027433
hyper,10020554,10037211,10029205
never sleep,10041001,10022437,10037175
may NOT switch your brain off,10067192,10064805,10037175
Exhaustion,10015667,10016256,10018065
sick,10016365,10025482,10018065
twice as drunk,10001598,10001598,10027433
energy,10024862,10003549,10018065
tired,10043890,10016256,10018065
sleepy,10041018,10041349,10029205
bad dreams,10004063,10029412,10037175
withdrawals,10073281,10048010,10018065
Just about dead,10041014,10041349,10029205
weight,10047896,10047899,10022891
tiiiiired,10043890,10016256,10018065
weight gain,10047896,10047899,10022891
Sleeping my life away,10041000,10020765,10029205
Numbness,10071175,10014557,10037175
tingling,10043876,10033775,10029205
drowsy,10013649,10041349,10029205
dizzy,10013580,10013573,10029205
sedating,10039897,10039897,10029205
portions Prob too big,10015598,10020710,10027433
heart arrhythmia,10003119,10003119,10007541
haze,10017565,10016322,10018065
zombie,10016384,10016322,10018065
sick,10016365,10025482,10018065
tiredness,10043890,10016256,10018065
hungry,10016336,10020466,10018065
Headache,10019211,10019211,10029205
back pain,10003988,10003988,10028395
Neck ache,10028836,10028836,10028395
shoulder ache,10040617,10003239,10028395
back pain,10003988,10003988,10028395
back pain,10003988,10003988,10028395
pain in neck,10028836,10028836,10028395
hips,10033432,10003239,10028395
legs,10033522,10033425,10028395
aches,10000424,10033371,10018065
Aches,10000424,10033371,10018065
nightmares,10029414,10029412,10037175
crabby,10023000,10022998,10037175
sluggish and groggy,10041052,10041052,10018065
dizzy,10013580,10013573,10029205
lightheadeded,10024492,10013573,10029205
gain 18 kg,10047896,10047899,10022891
get the horn my life,10024870,10024870,10037175
withdrawal,10073281,10048010,10018065
sleepy,10041018,10041349,10029205
pain,10033371,10033371,10018065
zombie,10016384,10016322,10018065
sleeping 15 hrs,10041000,10020765,10029205
crazy shit in my dreams,10004969,10000125,10037175
tired,10043890,10016256,10018065
nap time,10011865,10041349,10029205
passes out,10034100,10024855,10029205
Zombiness,10016384,10016322,10018065
hungry,10016336,10020466,10018065
sleep paralysis,10041002,10041002,10029205
memory loss,10027176,10001949,10029205
gained weight,10047896,10047899,10022891
loopy,10017565,10016322,10018065
dry-mouth,10013781,10013781,10017947
sinuses close up,10028771,10028735,10038738
weight gain,10047896,10047899,10022891
pain,10033371,10033371,10018065
screwing with my memory,10027175,10027175,10029205
lucidity,10043439,10050012,10037175
zombie,10016384,10016322,10018065
barely function,10027372,10027374,10029205
zombie-ness,10016384,10016322,10018065
RLS,10038741,10058920,10029205
fucked up,10016370,10025482,10018065
crazy ish,10037234,10061920,10037175
angry,10002368,10002368,10037175
awake,10022437,10022437,10037175
taken control of my eyes,10041014,10041349,10029205
crazy dreams,10004969,10000125,10037175
priapism,10036661,10036661,10038604
sleep for dayyssss,10041000,10020765,10029205
weight gain,10047896,10047899,10022891
sleep for 11 hours,10041000,10020765,10029205
troubles waking up,10019158,10041349,10029205
allergic,10001718,10020751,10021428
dopey,10027374,10027374,10029205
barely keep my eyes open,10041014,10041349,10029205
migraines,10027599,10027599,10029205
tired,10043890,10016256,10018065
sleepy,10041018,10041349,10029205
holes in my head,10027374,10027374,10029205
dream all types of crazy,10004969,10000125,10037175
hives,10020197,10046735,10040785
passing out,10034100,10024855,10029205
hangover,10019136,10019133,10018065
dry eyes,10013778,10013774,10015919
veins,10047184,10047184,10047065
immune system went poof,10021425,10021425,10021428
withdrawal,10073281,10048010,10018065
disturbed sleep,10040999,10040984,10037175
bad dreams,10004063,10029412,10037175
itchy skin,10023094,10037087,10040785
siiiiiiiiiiiiiiick,10016365,10025482,10018065
withdrawals,10073281,10048010,10018065
electric shocks in your brain,10033775,10033775,10029205
withdrawal,10073281,10048010,10018065
messed up my sleep,10040999,10040984,10037175
zombie,10016384,10016322,10018065
nausea,10028813,10028813,10017947
kidneys have been swollen,10048469,10048469,10038359
no sleep,10041001,10022437,10037175
jacked up,10001495,10001497,10037175
stomach hurt,10042112,10000087,10017947
heart attack,10019300,10019300,10022891
irritable,10023000,10022998,10037175
crazier,10037234,10061920,10037175
not sleeping,10041001,10022437,10037175
OCD,10029898,10029898,10037175
stressful,10042209,10042209,10037175
brain is melting,10027374,10027374,10029205
headache,10019211,10019211,10029205
anger,10002368,10002368,10037175
can't eat,10003017,10061428,10027433
sleeping schedule of a fucking vampire,10041017,10022437,10037175
lost 17 pounds,10047900,10047895,10022891
tweak,10070679,10016322,10018065
Tweaking,10070679,10016322,10018065
tweakin out,10070679,10016322,10018065
grinds the shit out of their teeth,10043176,10006514,10037175
rid of my appetite,10003028,10061428,10027433
shakes,10040528,10044565,10029205
hot,10016334,10016334,10018065
hot,10016334,10016334,10018065
heart was hurting,10008479,10008479,10018065
TWERK ME OUT,10070679,10016322,10018065
All nighter,10022437,10022437,10037175
can't sleep,10041001,10022437,10037175
addict,10001125,10012335,10037175
haven't slept,10041001,10022437,10037175
hating the world,10023000,10022998,10037175
drowsy,10013649,10041349,10029205
"just eat, and eat",10021654,10021654,10027433
sleep walking,10041012,10041347,10037175
Central nervous system breakdown,10007943,10029202,10029205
tired,10043890,10016256,10018065
sleepy,10041018,10041349,10029205
fog,10016876,10088940,10029205
gorked,10016322,10016322,10018065
make me a bigger asshole,10034719,10034719,10037175
can't sleep,10041001,10022437,10037175
dry nose,10013782,10028740,10038738
throat,10013789,10013789,10038738
erectile dysfunction,10061461,10061461,10038604
erectile dysfunction,10061461,10061461,10038604
halitosis,10019058,10006326,10017947
tendonitis,10043255,10043255,10028395
disable,10049278,10017581,10018065
crippled,10049278,10017581,10018065
Felt like chemo,10006784,10006784,10029205
vampire,10022437,10022437,10037175
destroyed my entire body,10022876,10013050,10041244
Bedridden,10048948,10048948,10041244
"killing""""  my tummy",10045148,10000081,10017947
septic c diff,10054177,10078496,10021881
Can't run,10022876,10013050,10041244
sick,10016365,10025482,10018065
dizzy,10013580,10013573,10029205
sick,10016365,10025482,10018065
crippled,10049278,10017581,10018065
CRIPPLED,10049278,10017581,10018065
crippled,10049278,10017581,10018065
nearly killed me,10068111,10068111,10037175
allergic,10001720,10013700,10021428
dying,10013767,10016330,10018065
nausea,10028813,10028813,10017947
headache,10019211,10019211,10029205
addictive,10012336,10013663,10037175
withdrawal,10073281,10048010,10018065
might notice if I got hit in the crotch w/ a lance in a jousting accident,10024870,10024870,10037175
discomfort,10013082,10013082,10018065
Stress Incontinence,10042213,10066218,10038359
like Niagara Falls when I cough,10046543,10046543,10038359
no appetite,10003017,10061428,10027433
could not orgasm,10021574,10002652,10037175
withdrawals,10073281,10048010,10018065
raised my blood pressure,10005755,10005750,10022891
nausea,10028813,10028813,10017947
dry mouth,10013781,10013781,10017947
constipation,10010774,10010774,10017947
diarrhea,10012727,10012735,10017947
fatigue,10016256,10016256,10018065
THOUGHTS OF SUICIDE,10042458,10042458,10037175
miserable,10016342,10016322,10018065
withdrawal,10073281,10048010,10018065
tired,10043890,10016256,10018065
exhausting,10015567,10015560,10029104
slept 10 hrs,10041000,10020765,10029205
heart started lurching,10019323,10019304,10022891
Coming off cymbalta SUCKS,10048010,10048010,10018065
Getting off of it is HELL,10048010,10048010,10018065
sweats,10042661,10020642,10040785
migraine,10027599,10027599,10029205
tremors,10044565,10044565,10029205
interacts,10013710,10013710,10018065
thirsty,10021689,10043458,10018065
mouth is painfully dry,10013781,10013781,10017947
feels like the Sahara desert in my mouth,10013781,10013781,10017947
hangover,10019136,10019133,10018065
turn peaceful people into the hulk,10001488,10001488,10037175
feel sooooooo weird,10047904,10016322,10018065
tired,10043890,10016256,10018065
anxious,10016323,10002855,10037175
withdrawals,10073281,10048010,10018065
Head is spinning,10019203,10047340,10013993
Blood pressure low,10024895,10021097,10047065
appetite is still terrible,10003030,10061428,10027433
driving me insane,10048345,10061284,10037175
withdrawal,10073281,10048010,10018065
asleep 24/7,10041000,10020765,10029205
rash,10037844,10037844,10040785
jaw clenching,10057326,10006514,10037175
withdrawals,10073281,10048010,10018065
withdrawls,10073281,10048010,10018065
miserable,10016342,10016322,10018065
angry,10002368,10002368,10037175
LOSS OF APPETITE,10003028,10061428,10027433
shaking,10040528,10044565,10029205
feels like when you come off heroin,10073281,10048010,10018065
dizzy,10013580,10013573,10029205
wrecked,10016370,10025482,10018065
withdrawal,10073281,10048010,10018065
Brain Zaps,10033775,10033775,10029205
lightheaded,10024490,10013573,10029205
hungry,10016336,10020466,10018065
dizzy,10013580,10013573,10029205
lethargic,10024262,10024264,10029205
weight gain,10047896,10047899,10022891
withdrawal,10073281,10048010,10018065
Sleep cycle,10040995,10040984,10037175
quality,10062519,10062519,10037175
Stomach discomfort,10013087,10053155,10017947
flushed,10016821,10016825,10047065
sweating,10042661,10020642,10040785
jaw,10061257,10061257,10028395
kills my libido,10024870,10024870,10037175
boner killer,10015118,10061461,10038604
Brain zaps,10033775,10033775,10029205
descent into madness,10027352,10027374,10029205
Headache,10019211,10019211,10029205
stomach ache,10042076,10000087,10017947
stopped working,10043087,10043087,10018065
feeling like a train wreck,10016370,10025482,10018065
tweaking,10070679,10016322,10018065
ability to cum,10021574,10002652,10037175
sucidal thoughts,10042458,10042458,10037175
insomnia,10022437,10022437,10037175
feeling high,10016333,10015535,10037175
unresponsible,10003614,10062585,10047065
Dry mouth,10013781,10013781,10017947
gained 80 pounds,10047896,10047899,10022891
dreams,10000125,10000125,10037175
not making me feel so awesome.,10016370,10025482,10018065
withdrawal,10073281,10048010,10018065
discontinuation syndrome,10048010,10048010,10018065
dreams,10000125,10000125,10037175
withdrawl,10073281,10048010,10018065
memory damage,10027175,10027175,10029205
falling into a realm of utter disillusion,10037234,10061920,10037175
sick,10016365,10025482,10018065
feel like you're on your death bed,10016370,10025482,10018065
depressed,10012378,10012378,10037175
suicidal,10042458,10042458,10037175
withdrawals,10073281,10048010,10018065
don't have the energy,10024862,10003549,10018065
Dilated pupils,10013014,10028521,10015919
blurry vision,10005889,10047513,10015919
nausea,10028813,10028813,10017947
headaches,10019211,10019211,10029205
bloodbath,10005103,10055798,10047065
stop breathin,10006338,10013968,10038738
rash,10037844,10037844,10040785
allergic reaction,10001718,10020751,10021428
acne,10000496,10000496,10040785
stopped working,10043087,10043087,10018065
gain weight,10047896,10047899,10022891
awake all night,10022437,10022437,10037175
feeling ill,10021345,10025482,10018065
drunk,10013767,10016330,10018065
feeling like absolute shit,10016370,10025482,10018065
shakes,10040528,10044565,10029205
space me out,10010251,10013496,10029205
tiered,10043890,10016256,10018065
shaky,10040528,10044565,10029205
tired,10043890,10016256,10018065
withdrawal,10073281,10048010,10018065
plot to steal my thoughts,10033864,10033864,10037175
bad dreams,10004063,10029412,10037175
vomit,10047700,10047700,10017947
lost 4 stone,10047900,10047895,10022891
BURPING,10006804,10015137,10017947
knocked me out,10041014,10041349,10029205
dizzy,10013580,10013573,10029205
tired,10043890,10016256,10018065
sweating,10042661,10020642,10040785
panic attacks,10033665,10033664,10037175
lose my temper,10010085,10001488,10037175
suicidal thoughts,10042458,10042458,10037175
stops you from jizzing,10021574,10002652,10037175
suicidal,10042458,10042458,10037175
Restless Leg Syndrome,10038741,10058920,10029205
fatigue,10016256,10016256,10018065
withdrawal,10073281,10048010,10018065
joint pain,10023222,10003239,10028395
dream,10000125,10000125,10037175
reaction,10001718,10020751,10021428
feel like shit,10016370,10025482,10018065
Killed my libido,10024870,10024870,10037175
reaction,10001718,10020751,10021428
want to be sick,10028813,10028813,10017947
dead from the waist down,10024870,10024870,10037175
headaches,10019211,10019211,10029205
yawn,10048231,10048232,10038738
sweaty,10042661,10020642,10040785
addict,10012336,10013663,10037175
hurt,10033371,10033371,10018065
Potato Drug bcuz that's what I looked like,10047896,10047899,10022891
puking,10047700,10047700,10017947
headache,10019211,10019211,10029205
throat is raw,10077283,10043521,10038738
sleepy,10041018,10041349,10029205
reaction,10001718,10020751,10021428
tired,10043890,10016256,10018065
stopped working,10043087,10043087,10018065
lost effectiveness,10043087,10043087,10018065
beat up,10048024,10016256,10018065
loosing so much blood,10005645,10055798,10047065
hairloss,10019045,10001760,10040785
painful,10033371,10033371,10018065
bloat,10005265,10000060,10017947
urinary track infections,10046571,10046571,10021881
tired,10043890,10016256,10018065
hurting,10033371,10033371,10018065
nuasea,10028813,10028813,10017947
low grade temp,10043204,10005911,10022891
BURNED,10006784,10006784,10029205
after-sting,10058683,10022086,10018065
knocking me about,10016370,10025482,10018065
pooped out,10043890,10016256,10018065
felt like acid,10006784,10006784,10029205
lupus flare,10065992,10042945,10028395
joint pain,10023222,10003239,10028395
hairloss,10019045,10001760,10040785
painful,10033371,10033371,10018065
hurts,10033371,10033371,10018065
pain,10033371,10033371,10018065
doesn't even work for me anymore,10043087,10043087,10018065
sick,10016365,10025482,10018065
pain,10033371,10033371,10018065
wear-off,10043087,10043087,10018065
sting,10058683,10022086,10018065
BURN MY VEINS,10006784,10006784,10029205
pain,10033371,10033371,10018065
respiratory probs,10038683,10038683,10038738
chest infections,10008477,10024968,10021881
lung,10061230,10069363,10022117
raging,10037804,10002368,10037175
anxious,10016323,10002855,10037175
insomniac,10022437,10022437,10037175
allergic,10001718,10020751,10021428
SJS,10042030,10042033,10040785
ADD,10001118,10083622,10037175
memory,10027175,10027175,10029205
attention-killing,10003738,10013496,10029205
rash,10037844,10037844,10040785
restlessness,10038743,10038743,10037175
insomnia,10022437,10022437,10037175
rash,10037844,10037844,10040785
flat,10016759,10016759,10037175
allergic reaction,10001718,10020751,10021428
gaining weight,10047896,10047899,10022891
nap,10011865,10041349,10029205
skin issues,10040831,10040831,10040785
withdrawal,10073281,10048010,10018065
STARVING,10020466,10020466,10018065
sleepy,10041018,10041349,10029205
fewer hours sleep,10041001,10022437,10037175
won't sleep,10041001,10022437,10037175
Exhausted,10015667,10016256,10018065
grumpy,10023000,10022998,10037175
headaches,10019211,10019211,10029205
tummy,10045148,10000081,10017947
tiredness,10043890,10016256,10018065
disconnected,10012536,10013457,10037175
joint pain,10023222,10003239,10028395
hyper-sensitive,10044124,10020568,10029205
dreadful nights sleep,10040999,10040984,10037175
joint pain,10023222,10003239,10028395
pain,10033371,10033371,10018065
poor sleep,10036160,10062519,10037175
pain,10033371,10033371,10018065
cry,10011469,10011469,10018065
headaches,10019211,10019211,10029205
staying up all night,10041017,10022437,10037175
tipped me to a dark place,10049709,10012378,10037175
rash,10037844,10037844,10040785
Allergic reaction,10001718,10020751,10021428
Allergic reaction,10001718,10020751,10021428
Allergic reaction,10001718,10020751,10021428
Allergic reaction,10001718,10020751,10021428
Allergic reaction,10001718,10020751,10021428
night terrors,10029411,10041010,10037175
sick,10016365,10025482,10018065
vasovagal pre-syncope,10036507,10036653,10029205
toxicity,10013746,10070863,10022117
Hard to digest,10012790,10013946,10017947
pain in my joints,10033434,10003239,10028395
cannot be in the sun,10042494,10034972,10040785
headaches,10019211,10019211,10029205
Vomiting,10047700,10047700,10017947
Diarrhea,10012727,10012735,10017947
nausea,10028813,10028813,10017947
CANT FEEL MY THROAT,10059933,10059923,10038738
sweatin,10042661,10020642,10040785
CANT FEEL MY MOUTH,10029855,10057371,10017947
addiction,10001125,10012335,10037175
addiction,10001125,10012335,10037175
addiction,10001125,10012335,10037175
addiction,10001125,10012335,10037175
allergic,10001718,10020751,10021428
Rash,10037844,10037844,10040785
Needing my inhaler,10006338,10013968,10038738
crazy dreams,10004969,10000125,10037175
chest pain,10008479,10008479,10018065
headache,10019211,10019211,10029205
addiction,10001125,10012335,10037175
stuffy sinuses,10028771,10028735,10038738
addiction,10001125,10012335,10037175
DRIVING MY FUCKING MIND UP THE FUCKING WALL,10048345,10061284,10037175
addicted,10012336,10013663,10037175
addiction,10001125,10012335,10037175
rip out my teeth,10001495,10001497,10037175
withdrawal,10073281,10048010,10018065
withdraw,10073281,10048010,10018065
withdrawals,10073281,10048010,10018065
cough,10011224,10011224,10038738
addicted,10012336,10013663,10037175
withdrawls,10073281,10048010,10018065
CRAVINGS,10056484,10057852,10037175
withdrawal,10073281,10048010,10018065
addicted,10012336,10013663,10037175
going to my head,10019203,10047340,10013993
addicted,10012336,10013663,10037175
withdrawals,10073281,10048010,10018065
headache,10019211,10019211,10029205
irritable,10023000,10022998,10037175
withdrawal,10073281,10048010,10018065
moods are void of stability,10027951,10027951,10037175
migraine,10027599,10027599,10029205
withdrawals,10073281,10048010,10018065
sleep,10022437,10022437,10037175
addiction,10001125,10012335,10037175
sweating,10042661,10020642,10040785
allergic,10001720,10013700,10021428
depression,10012378,10012378,10037175
weight gain,10047896,10047899,10022891
weight,10047896,10047899,10022891
put much weight on,10047896,10047899,10022891
restless,10038740,10038743,10037175
oversleeping,10019158,10041349,10029205
overeating,10015598,10020710,10027433
fat,10047896,10047899,10022891
munchies,10016336,10020466,10018065
munchies,10016336,10020466,10018065
nausea,10028813,10028813,10017947
akathisia,10001540,10001540,10029205
munchies,10016336,10020466,10018065
not being able to fit into summer wardrobe,10047896,10047899,10022891
put on weight,10047896,10047899,10022891
weight gain,10047896,10047899,10022891
sluggish,10041052,10041052,10018065
going off of olanzapine is no picnic,10048010,10048010,10018065
weight still keeps coming,10047896,10047899,10022891
look like a whale,10047896,10047899,10022891
olanzapine lbs,10047896,10047899,10022891
interfering with my visions,10047508,10047571,10015919
memory loss,10027176,10001949,10029205
drowsy,10013649,10041349,10029205
weight gain,10047896,10047899,10022891
weightgain,10047896,10047899,10022891
sloth,10041052,10041052,10018065
weight gain,10047896,10047899,10022891
slept aw day,10011865,10041349,10029205
torn faced,10023000,10022998,10037175
Swollen feet,10042693,10048959,10018065
gained weight,10047896,10047899,10022891
symptoms of schizophrenia,10027372,10027374,10029205
crazier,10037234,10061920,10037175
raging bm's,10012727,10012735,10017947
mood swings,10027951,10027951,10037175
weight gain,10047896,10047899,10022891
restless legs,10038742,10058920,10029205
pinsandneedles,10035067,10033775,10029205
withdrawals,10073281,10048010,10018065
fat.,10047896,10047899,10022891
weight gain,10047896,10047899,10022891
coming off it,10048010,10048010,10018065
plateau,10043087,10043087,10018065
behaving oddly,10004203,10061422,10037175
INSOMNIA,10022437,10022437,10037175
you are so Horny and I am NOT,10024870,10024870,10037175
hide in the apartment,10001502,10001502,10037175
allergic,10001718,10020751,10021428
puke,10047700,10047700,10017947
sleeping 12 hours a night,10041000,10020765,10029205
falling asleep every day,10011865,10041349,10029205
weight gain,10047896,10047899,10022891
gained a good seven or eight pounds,10047896,10047899,10022891
sick,10016365,10025482,10018065
vertigo,10047340,10047340,10013993
gained over 20 lbs,10047896,10047899,10022891
nightmares,10029414,10029412,10037175
depressed,10012378,10012378,10037175
wrecked,10016370,10025482,10018065
addictive,10012336,10013663,10037175
terrifying,10016370,10025482,10018065
no feelings,10071175,10014557,10037175
sick,10016365,10025482,10018065
withdrawal,10073281,10048010,10018065
withdrawl,10073281,10048010,10018065
emotional,10014555,10054196,10037175
working any more,10043087,10043087,10018065
gain unwanted pounds,10047896,10047899,10022891
water weight,10047839,10016807,10027433
withdrawn,10048013,10041243,10037175
orgasm,10021574,10002652,10037175
ejaculate,10021574,10002652,10037175
depressed,10012378,10012378,10037175
NOT LET ME SLEEP,10041001,10022437,10037175
psychotic episode,10037254,10061920,10037175
impotency,10021550,10061461,10038604
impotency,10021550,10061461,10038604
value your brain cells,10027175,10027175,10029205
impossible to cry,10071175,10014557,10037175
withdrawals,10073281,10048010,10018065
loss of circulation,10036155,10036155,10047065
face break out,10000496,10000496,10040785
allergic,10001718,10020751,10021428
face break out,10000496,10000496,10040785
numbing,10071175,10014557,10037175
random crying,10011469,10011469,10018065
brain zap,10033775,10033775,10029205
twitch,10045198,10028347,10028395
withdrawals,10073281,10048010,10018065
withdrawal,10073281,10048010,10018065
eyeballs make a sound,10070539,10020559,10013993
withdrawals,10073281,10048010,10018065
zombie,10016384,10016322,10018065
no legit sex,10040477,10040477,10038604
dream,10000125,10000125,10037175
tolerance,10043087,10043087,10018065
antsy,10038740,10038743,10037175
destroy myself,10043498,10051154,10037175
zombie,10016384,10016322,10018065
withdrawal,10073281,10048010,10018065
nap,10011865,10041349,10029205
scared,10016275,10016275,10037175
need to save the world,10012239,10012239,10037175
dries mouth,10013781,10013781,10017947
added 1 stone,10047896,10047899,10022891
ate,10021654,10021654,10027433
horrid imposing dream,10004063,10029412,10037175
drowsy,10013649,10041349,10029205
sleep paralysis,10041002,10041002,10029205
hunger,10016336,10020466,10018065
cravings,10056465,10056465,10027433
drowsy,10013650,10012206,10022117
feeling weird,10047904,10016322,10018065
not sleeping,10012804,10022437,10037175
hungrier,10016336,10020466,10018065
eating,10021654,10021654,10027433
fatness,10047896,10047899,10022891
weight-gaining,10047896,10047899,10022891
sleep right now,10041014,10041349,10029205
drowsy,10013651,10041349,10029205
nightmare,10029412,10029412,10037175
need to sleep 24/7,10041000,10020765,10029205
headache,10019211,10019211,10029205
weird,10047904,10016322,10018065
restlesslegs,10038742,10058920,10029205
hangovers,10019136,10019133,10018065
hallucinate,10019063,10019063,10037175
gain weight,10047896,10047899,10022891
lucid dreaming,10079069,10000125,10037175
sleep paralysis,10041002,10041002,10029205
zombie,10016384,10016322,10018065
hungry,10016336,10020466,10018065
Sweating,10042661,10020642,10040785
not dangerous but it is damn unpleasant,10016370,10025482,10018065
able to sleep at night,10012804,10022437,10037175
fast pulse,10037487,10019301,10022891
withdrawals,10073281,10048010,10018065
knocked me sidewards,10016256,10016256,10018065
slept horribly,10040995,10040984,10037175
zombified,10016384,10016322,10018065
drooling,10013642,10013642,10029205
get out of bed,10019158,10041349,10029205
taste,10043132,10082490,10029205
eating incredibly differently,10074314,10060961,10027433
sleep 12 hours,10041000,10020765,10029205
burnt,10042494,10034972,10040785
increased appetite,10021654,10021654,10027433
cravings,10056465,10056465,10027433
zombie,10016384,10016322,10018065
not stay up,10041014,10041349,10029205
prolactin,10036828,10005780,10022891
boobs humungous,10014843,10006242,10038604
prolactin levels,10036828,10005780,10022891
boobs humungous,10014843,10006242,10038604
back ache,10003978,10003988,10028395
back pain,10003988,10003988,10028395
weak,10047862,10003549,10018065
aching knees,10000447,10003239,10028395
neck,10028836,10028836,10028395
should ache,10000424,10033371,10018065
back pain,10003988,10003988,10028395
knee ache,10000447,10003239,10028395
Neck ache,10028836,10028836,10028395
back pain,10003988,10003988,10028395
not hungry,10003028,10061428,10027433
back,10003988,10003988,10028395
knee pain,10023477,10003239,10028395
walking painful,10047810,10017577,10018065
ache,10000424,10033371,10018065
pains in head,10019198,10019211,10029205
neck,10028836,10028836,10028395
back,10003988,10003988,10028395
hip,10033432,10003239,10028395
legs,10024130,10033425,10028395
neck pain,10028836,10028836,10028395
legs still weak,10065702,10028372,10028395
pain,10033371,10033371,10018065
fluid retention,10016807,10016807,10027433
oedema,10030095,10030095,10018065
musculo-skeletal pain,10028391,10028391,10028395
aching,10062428,10033371,10018065
lost 10 pounds,10047900,10047895,10022891
Slept 11 hours,10041000,10020765,10029205
Slow Turtle,10041052,10041052,10018065
panic attack,10033664,10033664,10037175
tired,10043890,10016256,10018065
gotta wake up,10019158,10041349,10029205
sleepy,10041018,10041349,10029205
boner kryptonite,10015118,10061461,10038604
dissociation,10013457,10013457,10037175
stacked on the weight,10047896,10047899,10022891
munchies,10016336,10020466,10018065
sedated,10039897,10039897,10029205
unconscious,10041349,10041349,10029205
dreams,10000125,10000125,10037175
lethargic,10024262,10024264,10029205
mute,10041470,10002948,10029205
don't want to get up,10019158,10041349,10029205
weird dreams,10000125,10000125,10037175
don't sleep,10041001,10022437,10037175
cant get up,10019158,10041349,10029205
knock me the fuck out,10024855,10024855,10029205
restlessness,10038743,10038743,10037175
jitters,10023191,10016338,10018065
17h sleep,10041000,10020765,10029205
tolerance to the sun,10042494,10034972,10040785
zombie,10016384,10016322,10018065
knocked me out,10041014,10041349,10029205
sleepy,10041018,10041349,10029205
tremors,10044565,10044565,10029205
jolting,10023188,10013916,10029205
rocking,10001540,10001540,10029205
sleep for 12 hours,10041000,10020765,10029205
sleepy,10041018,10041349,10029205
fucked up dreams,10000128,10014326,10038604
psychosis,10037234,10061920,10037175
feel so drink,10013767,10016330,10018065
cant really walk,10049278,10017581,10018065
nauseated,10028822,10028813,10017947
sleep for 15 hours,10041000,10020765,10029205
RLS,10038741,10058920,10029205
restless leg syndrome,10038741,10058920,10029205
hungry,10016336,10020466,10018065
hunger,10016336,10020466,10018065
coma,10041349,10041349,10029205
floatin,10016782,10016322,10018065
sleep,10040995,10040984,10037175
gaps in memory,10027175,10027175,10029205
manic reactions,10026781,10026749,10037175
angry,10002368,10002368,10037175
tired,10043890,10016256,10018065
convulsions,10010914,10039906,10029205
fever,10016558,10037660,10018065
toxic reactions,10013746,10070863,10022117
psychotic reactions,10067568,10037249,10037175
loopy,10017565,10016322,10018065
gained 50,10047896,10047899,10022891
knocks you outttttttt,10024855,10024855,10029205
crazy town,10037234,10061920,10037175
overheating,10005911,10005911,10022891
eat so much,10021654,10021654,10027433
only let me sleep four hours,10040995,10040984,10037175
mania,10026749,10026749,10037175
knocked on my ass,10016256,10016256,10018065
addictive,10012336,10013663,10037175
sleep,10041349,10041349,10029205
hangover,10019136,10019133,10018065
eat A LOT,10021654,10021654,10027433
diabetes risk,10012594,10012601,10027433
ill,10021345,10025482,10018065
sleeping 18 hrs a day,10011865,10041349,10029205
addictive,10012336,10013663,10037175
retarded,10027374,10027374,10029205
need to be awake,10041349,10041349,10029205
hardly open or close your mouth,10039897,10039897,10029205
hungry,10016336,10020466,10018065
weight gain,10047896,10047899,10022891
zombified,10016384,10016322,10018065
feel like death,10016370,10025482,10018065
hotflashes,10020407,10060800,10047065
RLS,10038741,10058920,10029205
hit hard,10039897,10039897,10029205
tremors,10044565,10044565,10029205
weight gain,10047896,10047899,10022891
Diabetes,10012594,10012601,10027433
tremors,10044565,10044565,10029205
weight gain,10047896,10047899,10022891
difficult to wake up,10019158,10041349,10029205
flat,10016759,10016759,10037175
drip,10036402,10070488,10038738
last night I was a mermaid and then a wizard who had to save the world while being hunted by the japanese,10004969,10000125,10037175
crazy dreams,10004969,10000125,10037175
dry mouth,10013781,10013781,10017947
Slept through every alarm,10019158,10041349,10029205
hangovers,10019136,10019133,10018065
sleeping 9 hours in the day,10011865,10041349,10029205
withdrawal,10073281,10048010,10018065
confusion,10010300,10010305,10037175
deliriousness,10012217,10012218,10037175
nauesousness,10028823,10028813,10017947
insomnia,10022437,10022437,10037175
withdrawal,10073281,10048010,10018065
sleep for like 12 hours,10041000,10020765,10029205
headache,10019211,10019211,10029205
headache,10019211,10019211,10029205
withdrawls,10073281,10048010,10018065
hungover,10019136,10019133,10018065
groggy,10018730,10041349,10029205
wont wake,10019158,10041349,10029205
horrible sleep,10040995,10040984,10037175
yawning,10048232,10048232,10038738
dream,10000125,10000125,10037175
vision blurry,10005889,10047513,10015919
just now wake up,10019158,10041349,10029205
bone,10036661,10036661,10038604
tolerance,10043087,10043087,10018065
resisting it,10043087,10043087,10018065
tired,10043890,10016256,10018065
out of it,10041374,10016322,10018065
brain disorder,10006120,10054938,10029205
knee pain,10023477,10003239,10028395
put on weight,10047896,10047899,10022891
itchy,10023089,10037087,10040785
neck was red,10038194,10015150,10040785
energy,10057841,10003549,10018065
tired,10043890,10016256,10018065
bruises,10006502,10050584,10022117
limbs ached,10000448,10033425,10028395
shivering,10040558,10008531,10018065
withdrawal,10073281,10048010,10018065
nightmares,10029414,10029412,10037175
coming of it was horrific,10048010,10048010,10018065
Disturbed sleep,10040999,10040984,10037175
screwing up my sleep,10040995,10040984,10037175
acid like trips,10034376,10021403,10037175
nausea,10028813,10028813,10017947
headache,10019211,10019211,10029205
sweats,10042661,10020642,10040785
flu symptoms,10016791,10022004,10018065
diarrhea,10012727,10012735,10017947
withdrawal,10073281,10048010,10018065
15 hours sleep,10041000,10020765,10029205
walking dead,10016384,10016322,10018065
messing with my sleep,10040995,10040984,10037175
wrecking my sleep,10040995,10040984,10037175
mixed episode,10065032,10004939,10037175
hangover,10019136,10019133,10018065
cry,10011469,10011469,10018065
throw chairs,10062375,10001488,10037175
feeling like shit,10016370,10025482,10018065
sprayed hairspray all over my tongue,10043945,10043945,10017947
brain feels like its actually vibrating,10033775,10033775,10029205
Paraesthesia,10033775,10033775,10029205
withdraw,10073281,10048010,10018065
depressed,10012378,10012378,10037175
overreacted,10014559,10014551,10037175
tired,10043890,10016256,10018065
withdrawals,10073281,10048010,10018065
withdrawal,10073281,10048010,10018065
drowsy,10013652,10001597,10018065
sedative,10039897,10039897,10029205
withdrawal,10073281,10048010,10018065
withdrawal,10073281,10048010,10018065
sucked going from 100mg Desvenlafaxine / day to zero,10048010,10048010,10018065
NAUSEOUS,10028823,10028813,10017947
vision shake,10052087,10052087,10015919
nauseous,10028823,10028813,10017947
withdrawals,10073281,10048010,10018065
palpitate,10033556,10033557,10007541
breath smells,10006325,10006326,10017947
digestive system,10017949,10017944,10017947
drive me crazy,10037234,10061920,10037175
headache,10019211,10019211,10029205
feelin weird,10047904,10016322,10018065
could be tired,10022437,10022437,10037175
never sleeping,10041001,10022437,10037175
remembered what food is,10003028,10061428,10027433
Ready for bed but vyvanse is saying no,10022437,10022437,10037175
forciblynocturnal,10022437,10022437,10037175
not going to go to bed,10022437,10022437,10037175
stay up all night,10041017,10022437,10037175
feeling like you have to poop,10057071,10057071,10017947
mad,10002368,10002368,10037175
didn't eat a thing,10003017,10061428,10027433
sleepless,10041017,10022437,10037175
awake,10022437,10022437,10037175
OCD,10029898,10029898,10037175
wired,10001495,10001497,10037175
mood swings,10027951,10027951,10037175
eat,10003028,10061428,10027433
spazzing out,10014559,10014551,10037175
heart will explode,10019297,10033557,10007541
haven't ate,10003028,10061428,10027433
can't even enjoy this banana,10043132,10082490,10029205
keeping me up,10041017,10022437,10037175
no sleeping,10041001,10022437,10037175
OCD,10029898,10029898,10037175
want to sleeeeep,10022437,10022437,10037175
not eat,10003028,10061428,10027433
food just looks/sounds/tastes fucking disgusting,10049238,10049238,10027433
nosleep,10041001,10022437,10037175
stressful,10042209,10042209,10037175
fuck with your head,10027374,10027374,10029205
fucks up my sleep,10040999,10040984,10037175
sweatin,10042661,10020642,10040785
sleep less,10041017,10022437,10037175
grind my teeth,10043176,10006514,10037175
cantsleep,10041001,10022437,10037175
addicted,10012336,10013663,10037175
makes me an asshole,10034719,10034719,10037175
wide awake,10012804,10022437,10037175
continuous shitting,10017367,10017367,10017947
negative,10058672,10058672,10037175
back to sleep,10040995,10040984,10037175
heart stopped,10007517,10007515,10007541
dehydration,10012174,10012174,10027433
wideawake,10012804,10022437,10037175
doesn't care about my bed time,10040999,10040984,10037175
not slept,10041001,10022437,10037175
insomnia,10022437,10022437,10037175
insomnia,10022437,10022437,10037175
Not sleeping,10012804,10022437,10037175
rage,10037804,10002368,10037175
stop spending all of your income in food,10003028,10061428,10027433
over think,10067192,10064805,10037175
angry,10002368,10002368,10037175
feel like I need to throw up,10028823,10028813,10017947
cooked my brain,10027175,10027175,10029205
shakes,10040528,10044565,10029205
dry mouth,10013781,10013781,10017947
saliva,10039379,10039379,10017947
sleep,10041017,10022437,10037175
need to sleep,10022437,10022437,10037175
No taste,10043134,10001480,10029205
don't eat,10003017,10061428,10027433
OCD,10029898,10029898,10037175
OCD,10029898,10029898,10037175
OCD,10029898,10029898,10037175
OCD,10029898,10029898,10037175
think too much,10067192,10064805,10037175
think too much,10067192,10064805,10037175
think too much,10067192,10064805,10037175
All nighter,10022437,10022437,10037175
tolerant,10043087,10043087,10018065
hating food,10049238,10049238,10027433
mind races,10067192,10064805,10037175
depressed,10012378,10012378,10037175
no sleep,10041001,10022437,10037175
can't sleeeep,10041001,10022437,10037175
teamnosleep,10041001,10022437,10037175
talk a mile a minute,10043111,10024796,10037175
sleep,10041017,10022437,10037175
addict,10012336,10013663,10037175
can't go back to sleep,10041001,10022437,10037175
nosleep,10041001,10022437,10037175
nosleep,10041001,10022437,10037175
plan on eating,10003028,10061428,10027433
dizzy,10013580,10013573,10029205
chest hurt,10008479,10008479,10018065
got ten minutes of sleep,10041001,10022437,10037175
sweating,10042661,10020642,10040785
Nosebleed,10029792,10015090,10038738
orgasm,10021574,10002652,10037175
never have another orgasm,10021574,10002652,10037175
coma,10041349,10041349,10029205
gain so much weight,10047896,10047899,10022891
increase my weight,10047898,10047899,10022891
