SMM4H20220LbDv7WiGBW7nQR4	10047896
SMM4H20220mSmvlK5h4hXJNh9	10016323 & 10042112 & 10019198 & 10073281
SMM4H20221fZluiIo0whXaJA6	10013754
SMM4H20221gMMy4c5pFbIYXpE	10016384
SMM4H20222sbwdYiQfnBCsPsl	10036661
SMM4H20223wRT70sBQURHsKEE	10027175
SMM4H20226b5WyZPTAJ7qL3dE	10012336
SMM4H202280H6GSvA1HFITRkC	10046317
SMM4H20228cuioIXvYfiRZ4jv	10033371
SMM4H20228zyP7ZWneGoetY6M	10048010
SMM4H20229Aha6m4XERqYdFWf	10019211
SMM4H2022DNWR10SKNZOERYWL	10004063
SMM4H2022Dd6AFmou1yEhnoRH	10041014
SMM4H2022FdTorKia743f8oX2	10065015 & 10042661
SMM4H2022FupUyp3V1qkdfaQW	10013573 & 10041374 & 10010300
SMM4H2022GEEGMyvixhP65MzB	10002855 & 10022989
SMM4H2022HKMAb7UyA9DBgC0X	10028822
SMM4H2022IHybeqCT2oRARJlu	10042661
SMM4H2022Ktwet43odUtXgxNZ	10004716
SMM4H2022MzDdtDqSq1LhsEKO	10044034
SMM4H2022Obitap6ILHXjD5SH	10021654
SMM4H2022OjDAlww1rH9bbUhW	10003988
SMM4H2022PHaTAtxs8MUXKgxV	10047896
SMM4H2022PInYkYqdCaYoOMHW	10042494
SMM4H2022Pnl1fVP8pycgcugd	10047896 & 10021654
SMM4H2022RKHfXCWIZXEAIC6c	10041017 & 10016370
SMM4H2022SDuYUDOiLTAqQMki	10041017
SMM4H2022TIrTKWWfCAO02Uli	10011001 & 10056484
SMM4H2022TuXafFONznuqO8aQ	10041349
SMM4H2022UAvDTQWOIacvBkzp	10016365 & 10027599 & 10047700 & 10040528
SMM4H2022UGqZXi74Aq6rkF4J	10027374
SMM4H2022UIXArsYjQ9fMwI4H	10040528
SMM4H2022WDJyq2OdnyWLMJT5	10041014 & 10018732
SMM4H2022WYlG44rGLAMzXI7I	10019304
SMM4H2022Wh5BgCEutjAsILyO	10013932
SMM4H2022WjGLwsETJIENmrJJ	10041014
SMM4H2022WrDsctt80lnF7suS	10013767
SMM4H2022X0coJTr3qC19JXST	10074314
SMM4H2022Xd3yVjFU568MhuMv	10065032
SMM4H2022a2hde3adQrDE2HIV	10041349
SMM4H2022aIYAHWf4HBgj52hp	10027374
SMM4H2022abr0OQs8okhO3F1M	10013632
SMM4H2022cjwbGQbnkpVjjJzR	10013781
SMM4H2022dUpa56FmoF70Koge	10027352
SMM4H2022eUHEdYa9HaG1N9d7	10016365
SMM4H2022hceks3meUmDcJLy8	10047896 & 10005613
SMM4H2022kj75P73z8raG9D5M	10047896
SMM4H2022lRmiVKCnPwZBP37M	10011865
SMM4H2022lX1A8RVuySkDzAB2	10044698
SMM4H2022ln1yHLJYGxK0tvGO	10040995
SMM4H2022mQX8Uwh2MeAyx0vv	10073281
SMM4H2022nWG1t3YGOaL80SEc	10041053
SMM4H2022qNHntuJnkevkahGr	10041017 & 10042113
SMM4H2022qZC2BPG2BW7UC175	10029898
SMM4H2022qpOud7DsjWMhWhFb	10037844
SMM4H2022r2Rhx2VTef0t53fP	10035067
SMM4H2022rZ604dAppHEgW0eE	10001125
SMM4H2022uCZV2SRsCe4vzjFm	10047896 & 10047896

